term,Sum Sq,Mean Sq,NumDF,DenDF,F value,Pr(>F)
condition4,0.2510961196728989,0.08369870655763297,3,38.371440312860926,1.005862819791851,0.4006516958629144
